created_at,full_text,lang,user_name
Thu Dec 12 16:55:02 +0000 2019,"#HardworkingAndProud for almost 100 years, and we're just getting started. #HP100Years https://t.co/O9tVAB3xeJ",en,Helmerich & Payne
Mon Dec 09 16:47:04 +0000 2019,Good morning from Rig 516! Thank you to William Nicholson for the great sunrise photo. #HPViews https://t.co/bCBeyVNuxw,en,Helmerich & Payne
Thu Dec 05 19:06:02 +0000 2019,üìç Rig 519 in West Virginia #HPViews https://t.co/4cXuqSPzQY,en,Helmerich & Payne
Tue Dec 03 18:22:01 +0000 2019,#WinterIsComing which means it's time for everyone to bundle up and stay aware of cold weather exposures. #ActivelyCARE https://t.co/1bkgIJVKOA,en,Helmerich & Payne
Thu Nov 28 16:12:07 +0000 2019,"Today and every day, we are thankful for our employees who keep H&amp;P turning to the right 24/7. From our family to yours, Happy Thanksgiving! https://t.co/iCZyv1acr4",en,Helmerich & Payne
Mon Nov 25 20:18:39 +0000 2019,"According to AAA, 49.3 million drivers will be on the road this Thanksgiving. Make sure you buckle up, and avoid fatigued and distracted driving. #DriveSafe #ActivelyCARE https://t.co/NrKWe8ipUX",en,Helmerich & Payne
Thu Nov 21 16:00:09 +0000 2019,Did you know that H&amp;P will be celebrating our 100-year anniversary in 2020? Here's a #TBT of the team at Rig 97. #HP100Years https://t.co/FMaE2a9DPp,en,Helmerich & Payne
Thu Nov 14 19:08:03 +0000 2019,"Congrats to Amy Dean, Data Delivery and Analytics Manager, who recently received a Doing Good award from @TulsaPeople. We are proud of the difference you make in the Tulsa community and at H&amp;P! Read more: https://t.co/EXcSeGYtUe https://t.co/xKkuD5vYkX",en,Helmerich & Payne
Tue Nov 12 19:33:19 +0000 2019,Check out our H&amp;P team at @ADIPECOfficial! Make sure to stop by Stand 6210 this week to learn about our experience and offerings for the Middle East. https://t.co/YwSAhcDgcX,en,Helmerich & Payne
Mon Nov 11 18:40:33 +0000 2019,"Thank you to the brave men and women who have served, who are serving and who will serve. #VeteransDay https://t.co/Dx87dmN3OK",en,Helmerich & Payne
Wed Nov 06 19:52:38 +0000 2019,In a Texas state of mind today at Rig 384. #HPviews https://t.co/yiOk13v1Ja,en,Helmerich & Payne
Fri Nov 01 22:55:30 +0000 2019,"A pie-in-the-face for a good cause! We wrapped up our annual @tulsaunitedway  campaign, and we are proud of our employees for Actively Caring for the Tulsa community. https://t.co/mG2HCaxV0X",en,Helmerich & Payne
Thu Oct 31 16:09:06 +0000 2019,Check out this spooky and BOO-tiful picture of Rig 475 in East Texas. Wishing our followers a safe and happy Halloween! https://t.co/1OMjaTAP0n,en,Helmerich & Payne
Thu Oct 24 16:33:15 +0000 2019,üìç Rig 456 in North Dakota https://t.co/F6F8clXqsB,cy,Helmerich & Payne
Fri Oct 11 18:28:04 +0000 2019,"Congratulations to Cara Hair, our VP of Corporate Services, for being named one of the @JournalRecord Fifty Making a Difference! This event spotlights female business and community leaders in Oklahoma, and we are very proud to have Cara‚Äôs leadership here at H&amp;P. https://t.co/MaBZX1cDRa",en,Helmerich & Payne
Tue Oct 08 20:58:17 +0000 2019,One of the most critical exposures workers in the oilfield face is the drive to and from the rig. Hear from H&amp;P‚Äôs employees about why they choose to #DriveSafe. Full video: https://t.co/ViEt8sJBuB https://t.co/72RM4j0ICH,en,Helmerich & Payne
Fri Oct 04 21:48:02 +0000 2019,Deep in the ‚ù§Ô∏è of South Texas. #HPriglife https://t.co/V6E4u0dHRx,en,Helmerich & Payne
Tue Oct 01 17:13:03 +0000 2019,H&amp;P Technologies‚Äô Bill Chmela and Marc Willerth are ready to speak to you today about directional drilling automation at #ATCE2019. Stop by booth 1640 at 1 PM and 1:30 PM to learn more! https://t.co/nmHpBDca9q,en,Helmerich & Payne
Sun Sep 29 23:10:01 +0000 2019,"#ATCE2019 starts tomorrow and our team is excited to present the latest advancements in well placement, directional drilling and more! Check out the schedule below to hear presentations from our own industry experts in booth 1640. https://t.co/1ESpalUHHP",en,Helmerich & Payne
Thu Sep 26 13:30:03 +0000 2019,Headed to @SPEtweets' #ATCE2019 next week? H&amp;P Technologies will be at booth 1640 presenting the latest advancements in the drilling technology industry. https://t.co/rpZnCEEKTU,en,Helmerich & Payne
Wed Sep 25 18:08:58 +0000 2019,"What goes together better than long drives and country music? We are proud to debut H&amp;P‚Äôs new #DriveSafe music video, which reminds us how everyone can be aware of the exposures we face while driving. #ActivelyCARE [Full Video: https://t.co/iUH27D6o03] https://t.co/dqFFyVLOV4",en,Helmerich & Payne
Fri Sep 20 20:52:50 +0000 2019,"Yesterday, CEO John Lindsay spoke to the YPE Tulsa group about current industry realities and the future we want to build together. https://t.co/kDackEWfO8",en,Helmerich & Payne
Thu Sep 19 13:49:01 +0000 2019,It's a beautiful day to Actively C.A.R.E. #safetyfirst https://t.co/rzUPLEbV3B,en,Helmerich & Payne
Wed Sep 18 20:51:05 +0000 2019,"Lights‚Ä¶ Camera‚Ä¶ Action! This summer, our employees participated in a new music video as part of our Safe Driving campaign. Stay tuned for the premiere next week! #DriveSafe #ActivelyCARE https://t.co/n6QJNyfz7h",en,Helmerich & Payne
Fri Sep 13 20:40:26 +0000 2019,Last Friday more than 170 H&amp;P employees participated in the @tulsaunitedway  #TulsaDayofCaring at @ANewLeafInc  and @YMCATulsa!  We're proud to #ActivelyCARE for the Tulsa community. https://t.co/9IGRpdrAkb,en,Helmerich & Payne
Wed Sep 11 18:40:02 +0000 2019,#NeverForget https://t.co/MKRpvyjjWi,und,Helmerich & Payne
Mon Sep 09 18:03:01 +0000 2019,"Our people, our strength üí™ #HardworkingAndProud #WTX #Rig551 https://t.co/Qgrixl1StM",en,Helmerich & Payne
Mon Sep 02 18:45:02 +0000 2019,"Happy Labor Day! At H&amp;P, we celebrate the hard work and dedication of our people today and every day. #LaborDay #HardworkingAndProud https://t.co/8tWJ7i6mNL",en,Helmerich & Payne
Thu Aug 29 16:27:09 +0000 2019,Beautiful day in South Texas on H&amp;P Rig 384 #HPriglife https://t.co/Inwf3fj7Nw,en,Helmerich & Payne
Wed Aug 21 20:34:35 +0000 2019,"Today, H&amp;P announced its H&amp;P Technologies group has acquired DrillScan, a leading provider of proprietary drilling engineering software, well engineering services and training to its suite of technology solutions. https://t.co/uvkZRE0vTi",en,Helmerich & Payne
Mon Aug 12 17:40:03 +0000 2019,"Our people are the foundation of our company. We are committed to ensuring H&amp;P careers are rewarding, both personally and professionally. Join our team today! #HardworkingAndProud https://t.co/fKv7sg4h5x",en,Helmerich & Payne
Mon Aug 05 12:10:01 +0000 2019,Good morning from our Houston Rig Up Yard. Photo courtesy: Craigan Wild https://t.co/6RPURVJXjp,en,Helmerich & Payne
Mon Aug 05 03:47:13 +0000 2019,@ArmyAngel79 @mikevolpe @TomPorterDC @Servicewomen @ProtectRDfnders @EpicWomenVets @iava We appreciate you bringing this to our attention. Jon is not an H&amp;P employee but we take these matters very seriously. H&amp;P is committed to a work environment in which all individuals are treated with respect and dignity; his behavior does not reflect our core values. -hj,en,Helmerich & Payne
Thu Aug 01 15:55:02 +0000 2019,Happy #ColoradoDay to our hard-working employees in the Centennial State! #HardworkingAndProud https://t.co/vv55EbXrvM,en,Helmerich & Payne
Thu Jul 25 18:32:40 +0000 2019,Happy #NationalInternDay! We're proud to have such hardworking interns both in the field and in the office. #HardworkingAndProud #TheHPWay https://t.co/BpTVlNTZyc,en,Helmerich & Payne
Thu Jul 25 00:20:01 +0000 2019,Another beautiful sunset from Rig 382 in West Texas. üì∏ : Carl Cacsio #HPViews #HPRigLife https://t.co/qP6sBPZf1L,en,Helmerich & Payne
Thu Jul 18 20:46:03 +0000 2019,"Check out that rainbow over Rig 230 in Argentina!  #HPViews #HPRigLife
üì∏: Carlos Palermo https://t.co/yEmOgF8OIk",en,Helmerich & Payne
Wed Jul 17 15:02:47 +0000 2019,"Happy #WorldEmojiDay! At H&amp;P, we have been turning to the ‚û°Ô∏è for almost üíØ years. Our üë® üë©, our üí™. #HardworkingAndProud https://t.co/iyTJMCSngy",en,Helmerich & Payne
Thu Jul 11 13:09:01 +0000 2019,"Driving safe at work, on the road and at home. #HPriglife #safetyfirst #safedriving https://t.co/9ZseYKLLJd",en,Helmerich & Payne
Sun Jul 07 23:16:01 +0000 2019,We're #HardworkingAndProud every day of the week. #weekendwarriors https://t.co/MzK43WpNXW,en,Helmerich & Payne
Thu Jul 04 11:42:01 +0000 2019,"A big thank you to our team members who are working today, we are grateful for you! Happy 4th of July. #Freedom #IndependenceDay #HardworkingAndProud https://t.co/h9ghvMf0h6",en,Helmerich & Payne
Thu Jun 27 17:00:08 +0000 2019,#TBT to Trey Adams presenting on AutoSlide at the #IADC World Drilling Conference in Milan last week. #Innovation #TheHPWay https://t.co/nt6sLmdb0V,en,Helmerich & Payne
Wed Jun 19 21:17:24 +0000 2019,Honored to receive the Impact Award at the 2019 Heart Walk Awards ceremony. This award is given to organizations that not only make an impact on heart health for the walk but throughout the year. #ActivelyCARE #TheHPWay https://t.co/vHW1IenyZ6,en,Helmerich & Payne
Sun Jun 16 19:27:17 +0000 2019,Happy Father's Day to all of our #HardworkingAndProud Dads! https://t.co/aB49fFPZmv,en,Helmerich & Payne
Tue Jun 04 17:51:04 +0000 2019,We're excited to welcome our 2019 Summer #Interns to the team! #HardworkingAndProud https://t.co/iKDP6RPnqS,en,Helmerich & Payne
Mon Jun 03 22:46:17 +0000 2019,Proud to have Nathan Singleton on our H&amp;P Team! #HardworkingAndProud https://t.co/AO39sI63be,en,Helmerich & Payne
Mon Jun 03 15:09:44 +0000 2019,Good morning from H&amp;P Rig 497 in West Texas #HPriglife #HPviews https://t.co/XvIoUiP2R4,en,Helmerich & Payne
Thu May 30 22:01:01 +0000 2019,Our People. Our Strength. #HardworkingAndProud https://t.co/WiPvS0shYA,en,Helmerich & Payne
Mon May 27 14:00:22 +0000 2019,"""A hero is someone who has given his or her life to something bigger than oneself."" - Joseph Campbell #MemorialDay https://t.co/l8TrxR4m7T",en,Helmerich & Payne
Thu May 23 22:24:07 +0000 2019,Quick break for a crew pic and right back at it. #Team #HardworkingAndProud https://t.co/giyW312Lij,en,Helmerich & Payne
Mon May 20 16:00:11 +0000 2019,Stay connected! Follow us on Instagram. https://t.co/CBB4xMwGXa https://t.co/L7txvQxToL,en,Helmerich & Payne
Thu May 16 19:00:10 +0000 2019,Accuracy is üîë . #HPlife #HardworkingAndProud https://t.co/X6gWLEYzso,en,Helmerich & Payne
Mon May 13 17:36:01 +0000 2019,Check out this cool shot of H&amp;P Rig 450 from Brian Davis #HPviews #HPriglife https://t.co/W5WwwiL8wd,en,Helmerich & Payne
Sun May 12 19:30:09 +0000 2019,Thank you to all of the amazing Moms in our H&amp;P Family! #HardworkingAndProud https://t.co/Z9ANfQ8TmT,en,Helmerich & Payne
Thu May 09 21:00:23 +0000 2019,Rig 447 #HPriglife https://t.co/pTu0r5L5Ft,und,Helmerich & Payne
Wed May 01 18:55:01 +0000 2019,Great shot of Rig 546 from Baidyr Ellis #HPviews #HPriglife https://t.co/H2sgfpJBvv,en,Helmerich & Payne
Mon Apr 29 15:34:12 +0000 2019,This past weekend some of our H&amp;P employees participated in the @BPMS150 bike ride from Houston to Austin to raise money for those living with MS. #BikeMS #BPMS150 #ActivelyCARE https://t.co/7sbsc7tNJS,en,Helmerich & Payne
Fri Apr 26 20:23:58 +0000 2019,"Congrats to our communications team on receiving five @IABCTulsa Bronze Quill awards! The awards recognize outstanding employee communications public relations, media relations, community relations, government affairs and marketing communication efforts. #HardworkingAndProud https://t.co/lSA1tENJ8P",en,Helmerich & Payne
Thu Apr 25 23:15:05 +0000 2019,#TBT to last week at the annual #TulsaHeartWalk. We had a great time joining the city to help fight heart disease and stroke! #ActivelyCARE #TheHPWay https://t.co/amT1p0M2KP,en,Helmerich & Payne
Tue Apr 23 17:48:03 +0000 2019,"We‚Äôre hosting walk-in interviews on Thursday, May 2, for Floorhand positions going to work in our North Dakota District (Event details: https://t.co/etfl392fNP). Can't make the event? You can submit an application online: https://t.co/oslVZdl2J7. https://t.co/Bj51PYfuq0",en,Helmerich & Payne
Sat Apr 20 16:20:08 +0000 2019,A big thanks to all of our employees who participated in the annual #TulsaHeartWalk to help fight heart disease and stroke. #ActivelyCARE #TheHPWay https://t.co/dK6avjnQDv,en,Helmerich & Payne
Mon Apr 15 17:00:03 +0000 2019,"Don‚Äôt forget we‚Äôre hosting a hiring event tomorrow in Dickinson, ND for walk-in interviews for floorhands (Details: https://t.co/iaYvWOcmOC)). If you don't live in the area, you can submit an application online: https://t.co/ClmSAk6cEc",en,Helmerich & Payne
Mon Apr 08 17:54:02 +0000 2019,#CrewGoals Tag your best rig pals https://t.co/N8Nqmq2bZo,en,Helmerich & Payne
Fri Apr 05 17:20:02 +0000 2019,Congratulations to our team on Rig 317 for hitting a new world record for footage drilled in 24 hours! Our employees‚Äô commitment to safe and efficient drilling is the reason we‚Äôre able to hit new milestones. #TheHPWay #HardworkingAndProud https://t.co/qMUaQCeMfj,en,Helmerich & Payne
Wed Apr 03 21:29:02 +0000 2019,Camaraderie (ca¬∑ma¬∑ra¬∑de¬∑rie; noun): mutual trust and friendship among people who spend a lot of time together. #hitchlife #HPriglife https://t.co/0C0FxEN2fw,en,Helmerich & Payne
Mon Apr 01 21:46:38 +0000 2019,"We‚Äôre hosting walk-in interviews in Dickinson, ND on Tuesday, April 16 from 9:00 a.m. - noon at our North Dakota District Office. (Details: https://t.co/iaYvWOcmOC) Apply online: https://t.co/oslVZdl2J7. https://t.co/KlZhogLq2L",en,Helmerich & Payne
Tue Mar 26 13:44:03 +0000 2019,"Interested in starting your career in oil &amp; gas? Come out to our hiring event tomorrow in Casper, WY for walk-in interviews for floorhands (Details: https://t.co/lDktihUq2h). If you don't live in the area, you can submit an application online: https://t.co/ClmSAk6cEc https://t.co/ErzyaVB2ux",en,Helmerich & Payne
Sun Mar 24 20:48:01 +0000 2019,Keep it turning to the right. #DrillersCabin #Crewleader #HPriglife #Teamwork https://t.co/3OzGswKYSt,en,Helmerich & Payne
Thu Mar 21 15:26:01 +0000 2019,Early morning climb.  #SafetyFirst #ActivelyCARE #3pointsofcontact #HPriglife https://t.co/jPj2gHm869,en,Helmerich & Payne
Mon Mar 18 16:15:03 +0000 2019,We take safety seriously #safetyfirst #TheHPWay https://t.co/gxJMyDwGQb,en,Helmerich & Payne
Tue Mar 12 18:09:03 +0000 2019,Rig 458 #HPriglife https://t.co/oC5uQzQS0O,und,Helmerich & Payne
Sun Mar 10 14:29:02 +0000 2019,Sunday grind #WeekendGrind #TwoWeeksOn #RigLife https://t.co/4oVKEjhzbt,en,Helmerich & Payne
Fri Mar 08 20:29:12 +0000 2019,"We‚Äôre hosting walk-in interviews in Casper, WY on Wednesday, March 27 from 9:00 a.m. - 3:00 p.m. at the Holiday Inn Express Casper East (Details: https://t.co/TTl4lQXvE0) Apply online: https://t.co/oslVZdl2J7. https://t.co/3XSUfeAorB",en,Helmerich & Payne
Wed Feb 27 19:07:03 +0000 2019,Two thumbs up for two weeks off #HitchLife #HPriglife https://t.co/eta8LqtTG5,en,Helmerich & Payne
Tue Feb 26 23:18:22 +0000 2019,"This morning our VP of Corporate Services &amp; Chief Legal Officer, Cara Hair, joined @AHATulsa on @KTULNews Good Day Tulsa to talk about this year‚Äôs Annual Heart Walk. We‚Äôre proud to support healthier lifestyles for our employees and their families. #HeartMonth #ActivelyCARE https://t.co/QTUwiSkiFg",en,Helmerich & Payne
Tue Feb 26 23:02:29 +0000 2019,"RT @AHATulsa: ICYMI: We were joined by Heart Walk sponsor, Helmerich &amp; Payne on Good Day Tulsa encouraging companies and individuals to reg‚Ä¶",en,Helmerich & Payne
Wed Feb 20 21:18:11 +0000 2019,Engineers make a difference at H&amp;P. Happy #NationalEngineersWeek! #HPWay #Innovation https://t.co/AD8rrXhSFP,en,Helmerich & Payne
Mon Feb 18 22:00:27 +0000 2019,We agree. #HardworkingAndProud #PresidentsDay https://t.co/DXr8dMXBk5,en,Helmerich & Payne
Thu Feb 14 14:11:01 +0000 2019,Happy Valentine's Day from Rig 237 #HPriglife https://t.co/os0nlF0mX2,en,Helmerich & Payne
Wed Feb 13 16:30:13 +0000 2019,"We're honored to receive the @tulsaunitedway Pillar Award recognizing companies that raised $500,000 or more in 2018. Thank you to our campaign team and employees for their volunteerism and contributions. #LiveUnited #ActivelyCARE https://t.co/PpC5IROury",en,Helmerich & Payne
Mon Feb 11 23:16:00 +0000 2019,Our employees across the globe wearing red to raise awareness and promote heart health. #HeartMonth #ActivelyCARE #GoRedforWomen https://t.co/cOQGgwcFYA,en,Helmerich & Payne
Wed Feb 06 18:07:57 +0000 2019,"RT @EnergyPointInfo: Congratulations to Apergy, Helmerich &amp; Payne, Rowan Companies and Core Laboratories for rating first in Total Satisfac‚Ä¶",en,Helmerich & Payne
Fri Feb 01 23:03:52 +0000 2019,"It‚Äôs National Wear Red Day, a day dedicated to spreading awareness about heart disease in women. H&amp;P teams around the world proudly wore red to show their support. #HeartMonth #ActivelyCARE https://t.co/3x2o7hwO9l",en,Helmerich & Payne
Thu Jan 24 13:56:02 +0000 2019,#hardworkingandproud https://t.co/etxQeu4oGe,und,Helmerich & Payne
Mon Jan 21 15:29:29 +0000 2019,"""The time is always right to do the right thing."" Martin Luther King Jr.  #ActivelyCARE #RigLife #HPRigLife #MLKDay https://t.co/jZyPnCllhX",en,Helmerich & Payne
Fri Jan 18 23:11:02 +0000 2019,"Life on the rig may be tough, but ending the day with a view like this makes it worth it. #riglife https://t.co/GgwG26f628",en,Helmerich & Payne
Tue Jan 15 22:20:41 +0000 2019,Safety is always in style #NationalHatDay #Hardworkingandproud https://t.co/b16jqzxr8o,en,Helmerich & Payne
Wed Jan 02 19:57:05 +0000 2019,"We are hosting walk-in interviews in Fort Worth, TX, for Floorhands, Crane Operators, CDL Haul Drivers, Swampers and Riggers on Tuesday, Jan. 8, from 8:30 am ‚Äì 2:30 pm at the Hampton Inn and Suites (Details: https://t.co/lDktihUq2h). Apply online: https://t.co/ClmSAk6cEc. https://t.co/wc3Ay7bmbD",en,Helmerich & Payne
Mon Dec 31 16:45:56 +0000 2018,Take your career to new heights in 2019. Check out our job openings: https://t.co/ClmSAk6cEc. https://t.co/uE8toy7DDl,en,Helmerich & Payne
Sun Dec 23 17:31:01 +0000 2018,"We love working with our partners to make the communities where we live and work a better place. In collaboration with @MarathonOil, Rig 510 went above and beyond to provide gifts for 32 children in Alex, OK. Thank you to all the participants in this event. #ActivelyCARE https://t.co/PO9hT2AS3c",en,Helmerich & Payne
Sat Dec 22 17:36:01 +0000 2018,"We love seeing our employees working to improve their community. Our South Texas team collected 689 cans for the @nbfbtx. Thank you to Lee Ann, Pat and Pam for creating this work of art! #ActivelyCARE #HardworkingAndProud #nbfoodbank https://t.co/n8GBH5zVw1",en,Helmerich & Payne
Fri Dec 21 17:07:39 +0000 2018,"We‚Äôre proud to be part of a community that actively cares. Our H&amp;P employees in collaboration with BKD, Matrix, Deer Valley, ONEOK, PennWell, and Blue Cross Blue Shield raised over $16,000 for @ANewLeafInc to help them purchase a new tractor. #ActivelyCARE https://t.co/QWrvz0PPMM",en,Helmerich & Payne
Mon Dec 17 16:30:06 +0000 2018,Rise and grind in North Dakota #oilcountry #hpriglife https://t.co/lvqHIuLyUb,de,Helmerich & Payne
Sat Dec 15 02:09:01 +0000 2018,Goodnight from Pennsylvania. #RigLife #RigNights #Sunset #FridayNightLights https://t.co/PfMFIJe8bq,en,Helmerich & Payne
Fri Dec 07 21:30:01 +0000 2018,"We know it‚Äôs hard work, but there are benefits to working in the #oilfield. What‚Äôs your favorite part about working on a rig?",en,Helmerich & Payne
Thu Dec 06 16:48:28 +0000 2018,"We're hosting walk-in interviews at our District Office in Grand Junction for Floorhands in CO, UT, WY &amp; ND. Apply online: https://t.co/oslVZdl2J7. Come see us on Thursday, Dec. 13, from 1:00 pm ‚Äì 3:00 pm (details: https://t.co/OYph5aYXfF). https://t.co/rWG8tZN39b",en,Helmerich & Payne
Wed Dec 05 17:55:06 +0000 2018,"Introducing FlexApps‚Ñ¢, solutions to improve efficiencies while driving consistent and repeatable results in the field. Learn more and download our latest case studies: https://t.co/Vf6h3kRrDo https://t.co/BGsSS5XXZp",en,Helmerich & Payne
Tue Dec 04 17:45:02 +0000 2018,"Working at heights: 
fall protection‚úîÔ∏è 
100% tie-off‚úîÔ∏è 
empty pockets‚úîÔ∏è 
3-point contact‚úîÔ∏è
#ActivelyCARE #SafetyFirst https://t.co/CHMcABD9HJ",en,Helmerich & Payne
Tue Dec 04 14:04:01 +0000 2018,We're hosting walk-in interviews for Floorhands in New Mexico on Dec. 11. Learn more on Facebook: https://t.co/4Q812iKeIe https://t.co/Kgrc8m4woA,en,Helmerich & Payne
Wed Nov 28 13:41:02 +0000 2018,That Friday Feelin‚Äô (on a Wednesday). #HitchLife #HPRigLife #HardworkingAndProud https://t.co/w797NKMbWa,en,Helmerich & Payne
Thu Nov 22 12:59:00 +0000 2018,For those who are working today ‚Äì and for the families who miss them ‚Äì we are very grateful. #HappyThanksgiving #HardworkingAndProud #HitchLife https://t.co/UbGS7IeKqU,en,Helmerich & Payne
Tue Nov 20 17:45:38 +0000 2018,"We're hosting walk-in interviews at our District Office in Grand Junction for Floorhands who can work in CO, UT, WY &amp; ND. Wednesday, Nov. 28 from 1:30-3:30pm at 2360 G Road, Grand Junction, CO 81505. Apply online: https://t.co/oslVZdl2J7. https://t.co/CAzYqdSltz",en,Helmerich & Payne
Mon Nov 19 17:14:04 +0000 2018,See what a bright future at H&amp;P could look like for you. Check out our job openings: https://t.co/ClmSAk6cEc https://t.co/nyNZs4Wf5S,en,Helmerich & Payne
Thu Nov 15 14:10:01 +0000 2018,Tell us about your proudest H&amp;P moment. #TBT #HardworkingAndProud #HPRigLife,en,Helmerich & Payne
Sun Nov 11 21:09:00 +0000 2018,"To the brave men and women who have served, who are serving, and who will serve - we thank you. #VeteransDay #NeverForget",en,Helmerich & Payne
Wed Nov 07 15:45:58 +0000 2018,"We're hiring Floormen for rigs in CO, WY, ND and UT. Apply online: https://t.co/oslVZdl2J7. Our next walk-in hiring event is in Casper, Wyoming on Tuesday (details: https://t.co/5nybAmqhRp). https://t.co/pWkbZiAtcV",en,Helmerich & Payne
Tue Nov 06 14:40:02 +0000 2018,"Don't forget, OKC! Visit Mike at the Oil, Gas and Transportation Job fair today (10am-2pm). Event Details:  https://t.co/wpsSVttDpC.",en,Helmerich & Payne
Mon Nov 05 17:19:00 +0000 2018,"We're proud to have Mike Lennox, our VP of US Land Operations presenting during the Drillers Outlook at the IADC Conference this Thursday. Will we see you there? 

Conference Details: https://t.co/6yGjL1SPaR",en,Helmerich & Payne
Fri Nov 02 15:33:07 +0000 2018,What's better than a pie-in-the-face to wrap up a fundraiser? #UnitedWay #HardworkingAndProud #ForAGoodCause https://t.co/jgqYxaTliE,en,Helmerich & Payne
Wed Oct 31 20:40:02 +0000 2018,"H&amp;P will be at the OKC Oil, Gas and Transportation Job fair next week. We're also having job interviews in OKC soon, visit Mike at the job fair to learn more. Event Details:  https://t.co/wpsSVttDpC.",en,Helmerich & Payne
Tue Oct 30 22:03:38 +0000 2018,"RT @Deloitte4Energy: Next up at the #DeloitteOilGas Conference: John Lindsay, CEO of @HelmerichPayne, shares his perspectives on changing s‚Ä¶",en,Helmerich & Payne
Tue Oct 30 22:03:21 +0000 2018,We're so honored to be recognized! Congratulations to @CliftonTaulbert as well! https://t.co/J0Viq4tJ6U,en,Helmerich & Payne
Mon Oct 29 20:42:12 +0000 2018,We're hosting walk-in interviews for Floorhands next Tuesday. Learn more on Facebook: https://t.co/x5P251YLfd https://t.co/xR3KjAL9MU,en,Helmerich & Payne
Thu Oct 25 17:27:04 +0000 2018,"We're so happy for our Odessa Derrickman, Matt, and his wife who won a free wedding last weekend! Check it out! 
https://t.co/gAQKRavErO",en,Helmerich & Payne
Fri Oct 19 23:36:20 +0000 2018,Our people make the difference. #Service #Awards #HardworkingAndProud https://t.co/Ol2Gp15wkv,en,Helmerich & Payne
Wed Oct 10 23:03:33 +0000 2018,It's a beautiful day on Rig 225. #feelslikefall #autumn #HPriglife #HardworkingAndProud https://t.co/KD6VoWD4XD,en,Helmerich & Payne
Thu Oct 04 21:03:04 +0000 2018,Thankful for teams who love serving their communities. #ThrowbackThursday #SeptemberVolunteering #SusanGKomen2018 #DayOfCaring2018 #HardworkingAndProud #ActivelyCARE https://t.co/GMizoveo83,en,Helmerich & Payne
Sun Sep 30 13:53:02 +0000 2018,Good morning from Rig 485 in Western Oklahoma! üëã ‚õÖ https://t.co/0fEvkUjEK7,en,Helmerich & Payne
Fri Sep 28 20:52:00 +0000 2018,Think about your first day in the oil field. What is the best advice you received before working on a rig?,en,Helmerich & Payne
Thu Sep 20 19:47:02 +0000 2018,Who remembers when the Driller's console looked like this? #TBT #Progress #Technology #HardworkingAndProud https://t.co/v9ALYHcfwR,en,Helmerich & Payne
Sat Sep 15 00:40:01 +0000 2018,#HPlife #RigLife #FridayNightLights https://t.co/kRzTHqj9rY,und,Helmerich & Payne
Mon Sep 10 15:40:03 +0000 2018,"If you‚Äôre seeking a new challenge with a company that rewards your expertise and dedication, consider applying for one of our open positions: https://t.co/ClmSAk6cEc. #HardworkingAndProud https://t.co/lnljKG4EUY",en,Helmerich & Payne
Mon Sep 03 12:55:03 +0000 2018,The hard work and dedication of our employees built this company. We're thankful for all of the strong men and women who have served H&amp;P. #LaborDay #LaborDay2018 #teamwork #HardworkingAndProud #HPriglife https://t.co/QeT2ZEpheE,en,Helmerich & Payne
Wed Aug 29 20:50:05 +0000 2018,Intentional safety so every team member gets home safe. #LifeBelts #TheHPWay #HPriglife https://t.co/UoLpaFDeCk,en,Helmerich & Payne
Fri Aug 24 16:56:02 +0000 2018,"It‚Äôs no vacation home, but you could live in the mountains for half the year. #hitchlife #twoweeksoff #mountainviews #HPriglife https://t.co/T1lXd3w0NW",en,Helmerich & Payne
Mon Aug 20 17:21:03 +0000 2018,12 hour tours of trippin' pipe and you get to skip the gym. #notfortheweak #workoutside #HardworkingAndProud #HPriglife https://t.co/oorfK0oyyR,en,Helmerich & Payne
Fri Aug 17 17:16:01 +0000 2018,"Industry-leading rigs, hard-working teams and excellent benefits? That‚Äôs #gold at the end of the rainbow. 

Join the team: https://t.co/ClmSAk6cEc https://t.co/0PBLKxqb65",en,Helmerich & Payne
Thu Aug 09 19:40:02 +0000 2018,Throw back to last month when team members recovered *possibly* the oldest H&amp;P sign in existence at our original West Texas office. Any guesses on how old this is? #TBT #HPriglife https://t.co/GcdWwIVay3,en,Helmerich & Payne
Wed Aug 08 16:56:02 +0000 2018,"Always, always buckle up. Driving to a hitch, home to family, or on the job: safety comes first. #seatbeltssavelives #hplife #riglife #hitchlife https://t.co/R7c0jKlfPK",en,Helmerich & Payne
Sat Aug 04 01:32:01 +0000 2018,Hard work. Breathtaking views. #HPlife #RigLife #Offshore https://t.co/h8pcHJDVlk,en,Helmerich & Payne
Sun Jul 22 13:58:01 +0000 2018,Off to another day on the rig in North Dakota #riglife #TheHPWay https://t.co/4aRSfJiNqx,en,Helmerich & Payne
Fri Jul 20 21:36:01 +0000 2018,"Respect: earned through hard work, strengthened by time. #RigLife #HardworkingAndProud https://t.co/LyumNbW7ub",en,Helmerich & Payne
Tue Jul 10 18:05:04 +0000 2018,Hard hats for hard work. Do you have what it takes? We're hiring Entry Level Floormen: https://t.co/wwbrDs3ypM https://t.co/r1vS9q9Hqh,en,Helmerich & Payne
Sat Jul 07 19:45:01 +0000 2018,#HardworkingandProud https://t.co/uYtXcYXjYy,und,Helmerich & Payne
Wed Jul 04 16:53:01 +0000 2018,"Thank you to all of our team members who are working today, we are so grateful for you. Happy 4th of July to all. #Freedom #IndependenceDay #SafetyFirst #BuckleUp https://t.co/HYF8uYyhRV",en,Helmerich & Payne
Mon Jul 02 17:11:03 +0000 2018,"""Office"" with a view #riglife #oilcountry https://t.co/XlOw5XBaKI",en,Helmerich & Payne
Thu Jun 28 17:06:04 +0000 2018,"In 1968 H&amp;P mobilized its first offshore rig called Spindletop. The hull measured 352 feet long, 76 feet wide and 19 feet deep, allowing the rig to drill in water depths up to 600 feet deep. #TBT https://t.co/c9gC59n2sV",en,Helmerich & Payne
Sun Jun 24 23:06:01 +0000 2018,Rig life means safety gear and keeping it clean. #cleanrigsaferig https://t.co/z1qdB7GFuh,en,Helmerich & Payne
Wed Jun 20 11:23:01 +0000 2018,#oilcountry #sunrise https://t.co/xvYdKbrDx6,und,Helmerich & Payne
Sun Jun 17 17:54:01 +0000 2018,Happy Father's Day to all of the wonderful Dads in our H&amp;P Family! #HardworkingAndProud #FamilyFirst https://t.co/pT6Hj9cbOE,en,Helmerich & Payne
Thu Jun 07 14:50:02 +0000 2018,"Back in 1960, Walt Helmerich III, became president of H&amp;P. He succeeded in crafting H&amp;P's global operations and real estate dealings, expanding the Company to become the largest active provider of land drilling rigs in the U.S. #TBT #HPmilestones https://t.co/Ly23htk1a4",en,Helmerich & Payne
Mon Jun 04 22:15:05 +0000 2018,A career with H&amp;P will help you reach new heights.  Check out our job openings: https://t.co/ClmSAk6cEc https://t.co/70MYomBziB,en,Helmerich & Payne
Fri Jun 01 19:15:24 +0000 2018,We care about our employees at work and after work. Remind your friends and family to drive carefully and always wear a seatbelt. #seatbeltssavelives https://t.co/lZujp9VHdH,en,Helmerich & Payne
Wed May 30 22:30:06 +0000 2018,"We‚Äôre excited to have 63 interns in our H&amp;P summer internship class! Did you know H&amp;P offers both field and corporate internship opportunities during spring, summer and fall semesters? Check our website in the late summer for hands-on fall intern opportunities! https://t.co/7eXa77f7vP",en,Helmerich & Payne
Tue May 29 15:25:03 +0000 2018,#TFW you worked hard to earn that break. #HPriglife #hardworkingandproud https://t.co/Iiia2dHFeQ,en,Helmerich & Payne
Fri May 25 19:00:09 +0000 2018,"Whether you‚Äôre working, traveling or staying home this weekend ‚Äì take a moment to remember those we lost serving our country. https://t.co/L8y7rsfu9W",en,Helmerich & Payne
Tue May 22 15:45:02 +0000 2018,Teamwork makes the dream work. #hardworkingandproud https://t.co/QRXEiGuFIr,en,Helmerich & Payne
Fri May 18 16:15:06 +0000 2018,"Did you know that in 2006 H&amp;P manufactured its first AC drive FlexRig4S, designed for shallower depth ranges of 6,000 to 18,000 vertical feet? It facilitates an environmentally-friendly and efficient drilling operation. #FlashBackFriday #FlexRig4  #oilpatchlife #innovation https://t.co/ZPGMJCbLDc",en,Helmerich & Payne
Wed May 16 19:30:08 +0000 2018,What's better than hanging up your coat for the weekend? Hanging it up for two weeks off.  #hitchlife #twoweeksoff #riglife #hpriglife https://t.co/h7Y2A7YD3i,en,Helmerich & Payne
Mon May 14 15:05:03 +0000 2018,"The H&amp;P Life: clean rigs, dirty clothes, bright smiles. #hardworkingandproud #HPriglife https://t.co/cM2G3bBykW",en,Helmerich & Payne
Wed May 09 21:35:57 +0000 2018,"We're thinking of students as they head toward graduation. Math and science are the core of our business. If you're considering a career in a #STEM field, consider H&amp;P! https://t.co/ClmSAk6cEc https://t.co/x7Xwr4sknc",en,Helmerich & Payne
Mon May 07 12:00:45 +0000 2018,These boots were made for working. #hardworkingandproud #HPriglife https://t.co/mPnoDKTQfp,en,Helmerich & Payne
Fri May 04 15:48:02 +0000 2018,Safety above all else. #thinksafety #seatbeltssavelives #hardhatssavelives #buckleup #HPlife https://t.co/8o54tfJZVW,en,Helmerich & Payne
Wed May 02 22:53:32 +0000 2018,She said she wants to set a good example - and we can tell you she does that every day!,en,Helmerich & Payne
Wed May 02 22:53:15 +0000 2018,Elisa is an Industrial Engineer &amp; has worked at H&amp;P for 12 yrs; she was the first female superintendent for the company. https://t.co/taCB8m6uNP,en,Helmerich & Payne
Sat Apr 28 18:49:03 +0000 2018,We take safety seriously. #WorldSafetyDay #HPlife #HardworkingAndProud https://t.co/TqDMMyGBUJ,en,Helmerich & Payne
Thu Apr 26 21:58:18 +0000 2018,It‚Äôs an honor to be recognized for putting our customers first. https://t.co/5lzKJDK05L,en,Helmerich & Payne
Thu Apr 26 16:31:02 +0000 2018,"In 1976, after 40 years of production on the grounds of the Oklahoma State Capitol building, H&amp;P plugged the Francis #1 well. Today, the Francis #1 derrick stands proudly at the original well site, serving as a monument to Oklahoma's number one industry. #TBT https://t.co/Q3sXJD6M0n",en,Helmerich & Payne
Wed Apr 25 13:42:02 +0000 2018,"Meet Liz, our HR assistant who embodies our service attitude core value. She's celebrating 16 years with H&amp;P next month. Thank you Liz! #administrativeprofessionalsday Interested in joining the team? Check out all job openings: https://t.co/ClmSAk6cEc https://t.co/YYJ8gpL88L",en,Helmerich & Payne
Sat Apr 21 19:56:34 +0000 2018,The rain didn't stop us! H&amp;P was on the move with umbrellas and ponchos! Walking to support heart health awareness at the 2018 @AHATulsa Heart Walk. #movewithheart https://t.co/CMR6vupSnW,en,Helmerich & Payne
Wed Apr 18 00:31:02 +0000 2018,"We live for these sunsets. Well, that and #twoweeksoff. Send your best rig sunrise and sunset photos. We'll feature some here!  #HPriglife #oilcountry https://t.co/QtWIym57ZF",en,Helmerich & Payne
Thu Apr 12 15:03:00 +0000 2018,"In 2002, H&amp;P designed the FlexRig which broke new ground in the drilling industry. H&amp;P engineers, operations personnel, HSE staff and fabrication experts, started with a ‚Äúclean sheet of paper‚Äù approach and executed on several requirements. #TBT #FlexRig https://t.co/dAxxKJUO4d",en,Helmerich & Payne
Tue Apr 10 22:38:02 +0000 2018,"Behind the scenes at our newest safety campaign photo shoot with H&amp;P families. Safety is priority #1 on the job, on the road and at home. #HPfamily #buckleup #seatbeltssavelives #safetyfirst https://t.co/DBbZR82mY1",en,Helmerich & Payne
Mon Apr 09 23:00:23 +0000 2018,A clean rig is a safe rig. #HPlife #HardworkingandProud https://t.co/OdV3plDcnm,en,Helmerich & Payne
Mon Apr 09 20:16:17 +0000 2018,"John Lindsay, CEO (far left) and Vic Garcia, Drilling Superintendent (far right) on Rig 99 in 1987. #riglife #hplife https://t.co/KtUo7f2PaE",en,Helmerich & Payne
Mon Apr 09 19:31:03 +0000 2018,We‚Äôre thankful for Dave and every hardworking H&amp;P employee. Do you have what it takes? Join our team. See all job openings: https://t.co/ClmSAk6cEc https://t.co/8Od9MnNXl6,en,Helmerich & Payne
Mon Apr 09 17:05:02 +0000 2018,"The story of H&amp;P begins in 1920, on a Star 29 cable rig with two people: Walter ""Walt"" Helmerich II, an outgoing, adventure-loving barnstormer from Chicago, and William ""Bill"" Payne, a quiet, hard-working microbiologist from Shawnee, Oklahoma. https://t.co/2RnfW7wnEt",en,Helmerich & Payne
Mon Apr 09 15:48:29 +0000 2018,"Thank you for being part of the H&amp;P community. We look forward to sharing more about our rich history, great people and bright future. https://t.co/ROTHXHDpmd",en,Helmerich & Payne
